# Event sink slots per control class, from the events interfaces of VB6.OLB
# (Class: IClassModuleEvt in MSVBVM60.DLL; Extender: the first 9 slots a
# UserControl instance has on its host, from VBControlExtenderEvents, then
# the UserControl's own events). Slot k is the member at vtable offset
# 0x0C + 4k (the interfaces derive from IUnknown); slots without a member
# are omitted.
control,slot,name
PictureBox,0,Change
PictureBox,1,Click
PictureBox,2,DblClick
PictureBox,3,DragDrop
PictureBox,4,DragOver
PictureBox,5,GotFocus
PictureBox,6,KeyDown
PictureBox,7,KeyPress
PictureBox,8,KeyUp
PictureBox,9,LinkClose
PictureBox,10,LinkError
PictureBox,11,LinkOpen
PictureBox,12,LostFocus
PictureBox,13,MouseDown
PictureBox,14,MouseMove
PictureBox,15,MouseUp
PictureBox,16,Paint
PictureBox,17,LinkNotify
PictureBox,18,Resize
PictureBox,19,OLEDragOver
PictureBox,20,OLEDragDrop
PictureBox,21,OLEGiveFeedback
PictureBox,22,OLEStartDrag
PictureBox,23,OLESetData
PictureBox,24,OLECompleteDrag
PictureBox,25,Validate
Label,0,Change
Label,1,Click
Label,2,DblClick
Label,3,DragDrop
Label,4,DragOver
Label,5,LinkClose
Label,6,LinkError
Label,7,LinkOpen
Label,8,MouseDown
Label,9,MouseMove
Label,10,MouseUp
Label,11,LinkNotify
Label,12,OLEDragOver
Label,13,OLEDragDrop
Label,14,OLEGiveFeedback
Label,15,OLEStartDrag
Label,16,OLESetData
Label,17,OLECompleteDrag
TextBox,0,Change
TextBox,1,DragDrop
TextBox,2,DragOver
TextBox,3,GotFocus
TextBox,4,KeyDown
TextBox,5,KeyPress
TextBox,6,KeyUp
TextBox,7,LinkClose
TextBox,8,LinkError
TextBox,9,LinkOpen
TextBox,10,LostFocus
TextBox,11,LinkNotify
TextBox,12,MouseDown
TextBox,13,MouseMove
TextBox,14,MouseUp
TextBox,15,Click
TextBox,16,DblClick
TextBox,17,OLEDragOver
TextBox,18,OLEDragDrop
TextBox,19,OLEGiveFeedback
TextBox,20,OLEStartDrag
TextBox,21,OLESetData
TextBox,22,OLECompleteDrag
TextBox,23,Validate
Frame,0,DragDrop
Frame,1,DragOver
Frame,2,MouseDown
Frame,3,MouseMove
Frame,4,MouseUp
Frame,5,Click
Frame,6,DblClick
Frame,7,OLEDragOver
Frame,8,OLEDragDrop
Frame,9,OLEGiveFeedback
Frame,10,OLEStartDrag
Frame,11,OLESetData
Frame,12,OLECompleteDrag
CommandButton,0,Click
CommandButton,1,DragDrop
CommandButton,2,DragOver
CommandButton,3,GotFocus
CommandButton,4,KeyDown
CommandButton,5,KeyPress
CommandButton,6,KeyUp
CommandButton,7,LostFocus
CommandButton,8,MouseDown
CommandButton,9,MouseMove
CommandButton,10,MouseUp
CommandButton,11,OLEDragOver
CommandButton,12,OLEDragDrop
CommandButton,13,OLEGiveFeedback
CommandButton,14,OLEStartDrag
CommandButton,15,OLESetData
CommandButton,16,OLECompleteDrag
CheckBox,0,Click
CheckBox,1,DragDrop
CheckBox,2,DragOver
CheckBox,3,GotFocus
CheckBox,4,KeyDown
CheckBox,5,KeyPress
CheckBox,6,KeyUp
CheckBox,7,LostFocus
CheckBox,8,MouseDown
CheckBox,9,MouseMove
CheckBox,10,MouseUp
CheckBox,11,OLEDragOver
CheckBox,12,OLEDragDrop
CheckBox,13,OLEGiveFeedback
CheckBox,14,OLEStartDrag
CheckBox,15,OLESetData
CheckBox,16,OLECompleteDrag
CheckBox,17,Validate
OptionButton,0,Click
OptionButton,1,DblClick
OptionButton,2,DragDrop
OptionButton,3,DragOver
OptionButton,4,GotFocus
OptionButton,5,KeyDown
OptionButton,6,KeyPress
OptionButton,7,KeyUp
OptionButton,8,LostFocus
OptionButton,9,MouseDown
OptionButton,10,MouseMove
OptionButton,11,MouseUp
OptionButton,12,OLEDragOver
OptionButton,13,OLEDragDrop
OptionButton,14,OLEGiveFeedback
OptionButton,15,OLEStartDrag
OptionButton,16,OLESetData
OptionButton,17,OLECompleteDrag
OptionButton,18,Validate
ComboBox,0,Change
ComboBox,1,Click
ComboBox,2,DblClick
ComboBox,3,DragDrop
ComboBox,4,DragOver
ComboBox,5,DropDown
ComboBox,6,GotFocus
ComboBox,7,KeyDown
ComboBox,8,KeyPress
ComboBox,9,KeyUp
ComboBox,10,LostFocus
ComboBox,11,OLEDragOver
ComboBox,12,OLEDragDrop
ComboBox,13,OLEGiveFeedback
ComboBox,14,OLEStartDrag
ComboBox,15,OLESetData
ComboBox,16,OLECompleteDrag
ComboBox,17,Scroll
ComboBox,18,Validate
ListBox,0,Click
ListBox,1,DblClick
ListBox,2,DragDrop
ListBox,3,DragOver
ListBox,4,GotFocus
ListBox,5,KeyDown
ListBox,6,KeyPress
ListBox,7,KeyUp
ListBox,8,LostFocus
ListBox,9,MouseDown
ListBox,10,MouseMove
ListBox,11,MouseUp
ListBox,12,OLEDragOver
ListBox,13,OLEDragDrop
ListBox,14,OLEGiveFeedback
ListBox,15,OLEStartDrag
ListBox,16,OLESetData
ListBox,17,OLECompleteDrag
ListBox,18,Scroll
ListBox,19,ItemCheck
ListBox,20,Validate
HScrollBar,0,Change
HScrollBar,1,DragDrop
HScrollBar,2,DragOver
HScrollBar,3,GotFocus
HScrollBar,4,KeyDown
HScrollBar,5,KeyPress
HScrollBar,6,KeyUp
HScrollBar,7,LostFocus
HScrollBar,8,Scroll
HScrollBar,9,Validate
VScrollBar,0,Change
VScrollBar,1,DragDrop
VScrollBar,2,DragOver
VScrollBar,3,GotFocus
VScrollBar,4,KeyDown
VScrollBar,5,KeyPress
VScrollBar,6,KeyUp
VScrollBar,7,LostFocus
VScrollBar,8,Scroll
VScrollBar,9,Validate
Timer,0,Timer
Form,0,DragDrop
Form,1,DragOver
Form,2,LinkClose
Form,3,LinkError
Form,4,LinkExecute
Form,5,LinkOpen
Form,6,Load
Form,7,Resize
Form,8,Unload
Form,9,QueryUnload
Form,10,Activate
Form,11,Deactivate
Form,12,Click
Form,13,DblClick
Form,14,GotFocus
Form,15,KeyDown
Form,16,KeyPress
Form,17,KeyUp
Form,18,LostFocus
Form,19,MouseDown
Form,20,MouseMove
Form,21,MouseUp
Form,22,Paint
Form,23,Initialize
Form,24,Terminate
Form,25,OLEDragOver
Form,26,OLEDragDrop
Form,27,OLEGiveFeedback
Form,28,OLEStartDrag
Form,29,OLESetData
Form,30,OLECompleteDrag
DriveListBox,0,Change
DriveListBox,1,DragDrop
DriveListBox,2,DragOver
DriveListBox,3,GotFocus
DriveListBox,4,KeyDown
DriveListBox,5,KeyPress
DriveListBox,6,KeyUp
DriveListBox,7,LostFocus
DriveListBox,8,OLEDragOver
DriveListBox,9,OLEDragDrop
DriveListBox,10,OLEGiveFeedback
DriveListBox,11,OLEStartDrag
DriveListBox,12,OLESetData
DriveListBox,13,OLECompleteDrag
DriveListBox,14,Scroll
DriveListBox,15,Validate
DirListBox,0,Change
DirListBox,1,Click
DirListBox,2,DragDrop
DirListBox,3,DragOver
DirListBox,4,GotFocus
DirListBox,5,KeyDown
DirListBox,6,KeyPress
DirListBox,7,KeyUp
DirListBox,8,LostFocus
DirListBox,9,MouseDown
DirListBox,10,MouseMove
DirListBox,11,MouseUp
DirListBox,12,OLEDragOver
DirListBox,13,OLEDragDrop
DirListBox,14,OLEGiveFeedback
DirListBox,15,OLEStartDrag
DirListBox,16,OLESetData
DirListBox,17,OLECompleteDrag
DirListBox,18,Scroll
DirListBox,19,Validate
FileListBox,0,Click
FileListBox,1,DblClick
FileListBox,2,DragDrop
FileListBox,3,DragOver
FileListBox,4,GotFocus
FileListBox,5,KeyDown
FileListBox,6,KeyPress
FileListBox,7,KeyUp
FileListBox,8,LostFocus
FileListBox,9,MouseDown
FileListBox,10,MouseMove
FileListBox,11,MouseUp
FileListBox,12,PathChange
FileListBox,13,PatternChange
FileListBox,14,OLEDragOver
FileListBox,15,OLEDragDrop
FileListBox,16,OLEGiveFeedback
FileListBox,17,OLEStartDrag
FileListBox,18,OLESetData
FileListBox,19,OLECompleteDrag
FileListBox,20,Scroll
FileListBox,21,Validate
Menu,0,Click
MDIForm,0,DragDrop
MDIForm,1,DragOver
MDIForm,2,LinkClose
MDIForm,3,LinkError
MDIForm,4,LinkExecute
MDIForm,5,LinkOpen
MDIForm,6,Load
MDIForm,7,Resize
MDIForm,8,Unload
MDIForm,9,QueryUnload
MDIForm,10,Activate
MDIForm,11,Deactivate
MDIForm,12,Click
MDIForm,13,DblClick
MDIForm,19,MouseDown
MDIForm,20,MouseMove
MDIForm,21,MouseUp
MDIForm,23,Initialize
MDIForm,24,Terminate
MDIForm,25,OLEDragOver
MDIForm,26,OLEDragDrop
MDIForm,27,OLEGiveFeedback
MDIForm,28,OLEStartDrag
MDIForm,29,OLESetData
MDIForm,30,OLECompleteDrag
Image,0,Click
Image,1,DblClick
Image,2,DragDrop
Image,3,DragOver
Image,4,MouseDown
Image,5,MouseMove
Image,6,MouseUp
Image,7,OLEDragOver
Image,8,OLEDragDrop
Image,9,OLEGiveFeedback
Image,10,OLEStartDrag
Image,11,OLESetData
Image,12,OLECompleteDrag
Data,0,Error
Data,1,Reposition
Data,2,Validate
Data,3,DragDrop
Data,4,DragOver
Data,5,MouseDown
Data,6,MouseMove
Data,7,MouseUp
Data,8,Resize
Data,9,OLEDragOver
Data,10,OLEDragDrop
Data,11,OLEGiveFeedback
Data,12,OLEStartDrag
Data,13,OLESetData
Data,14,OLECompleteDrag
OLE,0,Click
OLE,1,DblClick
OLE,2,DragDrop
OLE,3,DragOver
OLE,4,GotFocus
OLE,5,KeyDown
OLE,6,KeyPress
OLE,7,KeyUp
OLE,8,LostFocus
OLE,9,MouseDown
OLE,10,MouseMove
OLE,11,MouseUp
OLE,12,Resize
OLE,13,Updated
OLE,14,ObjectMove
OLE,15,Validate
UserControl,0,DragDrop
UserControl,1,DragOver
UserControl,7,Resize
UserControl,12,Click
UserControl,13,DblClick
UserControl,14,GotFocus
UserControl,15,KeyDown
UserControl,16,KeyPress
UserControl,17,KeyUp
UserControl,18,LostFocus
UserControl,19,MouseDown
UserControl,20,MouseMove
UserControl,21,MouseUp
UserControl,22,Paint
UserControl,23,Initialize
UserControl,24,Terminate
UserControl,25,OLEDragOver
UserControl,26,OLEDragDrop
UserControl,27,OLEGiveFeedback
UserControl,28,OLEStartDrag
UserControl,29,OLESetData
UserControl,30,OLECompleteDrag
UserControl,31,WriteProperties
UserControl,32,ReadProperties
UserControl,33,InitProperties
UserControl,34,AsyncReadComplete
UserControl,35,EnterFocus
UserControl,36,ExitFocus
UserControl,37,Show
UserControl,38,Hide
UserControl,39,AmbientChanged
UserControl,40,AccessKeyPress
UserControl,41,AsyncReadProgress
UserControl,42,GetDataMember
UserControl,43,HitTest
PropertyPage,0,DragDrop
PropertyPage,1,DragOver
PropertyPage,12,Click
PropertyPage,13,DblClick
PropertyPage,14,GotFocus
PropertyPage,15,KeyDown
PropertyPage,16,KeyPress
PropertyPage,17,KeyUp
PropertyPage,18,LostFocus
PropertyPage,19,MouseDown
PropertyPage,20,MouseMove
PropertyPage,21,MouseUp
PropertyPage,22,Paint
PropertyPage,23,Initialize
PropertyPage,24,Terminate
PropertyPage,25,OLEDragOver
PropertyPage,26,OLEDragDrop
PropertyPage,27,OLEGiveFeedback
PropertyPage,28,OLEStartDrag
PropertyPage,29,OLESetData
PropertyPage,30,OLECompleteDrag
PropertyPage,31,ApplyChanges
PropertyPage,32,SelectionChanged
PropertyPage,33,EditProperty
UserDocument,0,DragDrop
UserDocument,1,DragOver
UserDocument,7,Resize
UserDocument,12,Click
UserDocument,13,DblClick
UserDocument,14,GotFocus
UserDocument,15,KeyDown
UserDocument,16,KeyPress
UserDocument,17,KeyUp
UserDocument,18,LostFocus
UserDocument,19,MouseDown
UserDocument,20,MouseMove
UserDocument,21,MouseUp
UserDocument,22,Paint
UserDocument,23,Initialize
UserDocument,24,Terminate
UserDocument,25,OLEDragOver
UserDocument,26,OLEDragDrop
UserDocument,27,OLEGiveFeedback
UserDocument,28,OLEStartDrag
UserDocument,29,OLESetData
UserDocument,30,OLECompleteDrag
UserDocument,31,WriteProperties
UserDocument,32,ReadProperties
UserDocument,33,InitProperties
UserDocument,34,AsyncReadComplete
UserDocument,35,EnterFocus
UserDocument,36,ExitFocus
UserDocument,37,Show
UserDocument,38,Hide
UserDocument,39,Scroll
UserDocument,41,AsyncReadProgress
Extender,0,GotFocus
Extender,1,LostFocus
Extender,2,DeprecatedEvent1
Extender,3,DeprecatedEvent2
Extender,4,DeprecatedEvent3
Extender,5,DeprecatedEvent4
Extender,6,DragDrop
Extender,7,DragOver
Extender,8,Validate
Class,0,Initialize
Class,1,Terminate
